feature,unique_count,unique_pct
TransactionID,590540,100.0
TransactionDT,573349,97.0889
id_02,115655,19.5846
V307,37367,6.3276
V127,24414,4.1342
V308,23064,3.9056
TransactionAmt,20902,3.5395
V310,19136,3.2404
V306,16210,2.7449
V317,15184,2.5712
V203,14951,2.5318
V128,14507,2.4566
card1,13553,2.295
V264,13358,2.262
V204,12858,2.1773
D8,12353,2.0918
V130,12332,2.0883
V318,12309,2.0844
V265,11757,1.9909
V314,11377,1.9265
V202,10970,1.8576
V263,10422,1.7648
V126,10299,1.744
V133,9949,1.6847
V316,9814,1.6619
V160,9621,1.6292
V212,8868,1.5017
V213,8317,1.4084
V274,8315,1.408
V134,8178,1.3848
V312,8068,1.3662
V275,7776,1.3168
V211,7624,1.291
V273,7177,1.2153
V315,6973,1.1808
V159,6663,1.1283
V132,6560,1.1108
V320,6439,1.0904
V321,5560,0.9415
V313,5529,0.9363
V136,4852,0.8216
V319,4799,0.8126
V131,4444,0.7525
V137,4252,0.72
V309,4236,0.7173
V135,3724,0.6306
V267,3616,0.6123
V209,3451,0.5844
V207,3246,0.5497
V311,3098,0.5246
V210,2836,0.4802
V271,2787,0.4719
V268,2756,0.4667
V215,2747,0.4652
dist1,2651,0.4489
V208,2552,0.4321
V165,2547,0.4313
V277,2540,0.4301
V216,2532,0.4288
V272,2507,0.4245
V332,2453,0.4154
V278,2398,0.4061
V270,2340,0.3962
V214,2282,0.3864
V276,2263,0.3832
V205,2240,0.3793
V266,2178,0.3688
V150,1996,0.338
V164,1978,0.3349
V333,1971,0.3338
V129,1968,0.3333
DeviceInfo,1786,0.3024
V206,1780,0.3014
V331,1758,0.2977
dist2,1751,0.2965
C1,1657,0.2806
C13,1597,0.2704
C11,1476,0.2499
V323,1411,0.2389
V96,1410,0.2388
C6,1328,0.2249
V294,1286,0.2178
V102,1285,0.2176
C4,1260,0.2134
C8,1253,0.2122
V178,1236,0.2093
C10,1231,0.2085
C2,1216,0.2059
C12,1199,0.203
C14,1108,0.1876
C7,1103,0.1868
V166,987,0.1671
V324,976,0.1653
V97,976,0.1653
V280,975,0.1651
V168,965,0.1634
V103,928,0.1571
V295,928,0.1571
V179,921,0.156
V279,881,0.1492
V322,881,0.1492
V95,881,0.1492
V167,873,0.1478
V101,870,0.1473
V143,870,0.1473
V293,870,0.1473
V177,862,0.146
D15,859,0.1455
D6,829,0.1404
D10,818,0.1385
D4,808,0.1368
D14,802,0.1358
D5,688,0.1165
D11,676,0.1145
V335,672,0.1138
D3,649,0.1099
D1,641,0.1085
D2,641,0.1085
D12,635,0.1075
D7,597,0.1011
D13,577,0.0977
id_19,522,0.0884
card2,500,0.0847
id_21,490,0.083
V218,401,0.0679
id_20,394,0.0667
V338,380,0.0643
V219,379,0.0642
id_11,365,0.0618
V336,356,0.0603
id_25,341,0.0577
V232,338,0.0572
V339,334,0.0566
V233,333,0.0564
addr1,332,0.0562
C5,319,0.054
V217,304,0.0515
V231,294,0.0498
V145,260,0.044
id_33,260,0.044
V337,254,0.043
V291,219,0.0371
V187,215,0.0364
C9,205,0.0347
V162,185,0.0313
V292,173,0.0293
V269,151,0.0256
V334,143,0.0242
id_31,130,0.022
V234,122,0.0207
card5,119,0.0202
card3,114,0.0193
V163,106,0.0179
id_17,104,0.0176
id_06,101,0.0171
V105,100,0.0169
V329,100,0.0169
V285,96,0.0163
id_26,95,0.0161
V296,94,0.0159
V298,94,0.0159
id_08,94,0.0159
id_05,93,0.0157
V229,91,0.0154
V99,89,0.0151
V180,84,0.0142
V182,84,0.0142
id_07,84,0.0142
V226,81,0.0137
V161,79,0.0134
V224,79,0.0134
V221,77,0.013
id_01,77,0.013
V222,76,0.0129
id_30,75,0.0127
addr2,74,0.0125
V259,68,0.0115
V258,67,0.0113
V230,66,0.0112
V253,66,0.0112
V144,63,0.0107
V171,62,0.0105
V283,62,0.0105
id_10,62,0.0105
R_emaildomain,60,0.0102
P_emaildomain,59,0.01
V245,58,0.0098
V290,58,0.0098
V106,56,0.0095
V151,56,0.0095
V201,56,0.0095
V330,56,0.0095
V228,55,0.0093
V37,55,0.0093
V38,55,0.0093
id_13,54,0.0091
V56,52,0.0088
V227,50,0.0085
V299,50,0.0085
V170,49,0.0083
V176,49,0.0083
V257,49,0.0083
V44,49,0.0083
V45,49,0.0083
V256,48,0.0081
V199,46,0.0078
V200,46,0.0078
V236,46,0.0078
V246,46,0.0078
V255,46,0.0078
id_09,46,0.0078
V192,45,0.0076
V254,45,0.0076
V326,45,0.0076
V190,43,0.0073
V243,43,0.0073
V183,42,0.0071
V261,41,0.0069
V237,40,0.0068
V152,39,0.0066
V186,39,0.0066
V196,39,0.0066
V193,38,0.0064
V225,35,0.0059
V139,34,0.0058
V140,34,0.0058
V282,33,0.0056
V172,32,0.0054
V185,32,0.0054
V287,32,0.0054
V78,32,0.0054
V188,31,0.0052
V189,31,0.0052
V77,31,0.0052
V86,31,0.0052
V87,31,0.0052
V100,29,0.0049
C3,27,0.0046
V147,27,0.0046
V220,26,0.0044
V146,25,0.0042
V155,25,0.0042
V156,25,0.0042
V157,25,0.0042
V158,25,0.0042
V181,25,0.0042
V252,25,0.0042
id_14,25,0.0042
id_22,25,0.0042
D9,24,0.0041
V235,24,0.0041
V238,24,0.0041
V239,24,0.0041
id_03,24,0.0041
V138,23,0.0039
V244,23,0.0039
V248,23,0.0039
V249,23,0.0039
V281,23,0.0039
V191,22,0.0037
V198,22,0.0037
V148,21,0.0036
V149,21,0.0036
V242,21,0.0036
V262,21,0.0036
V303,21,0.0036
V169,20,0.0034
V80,20,0.0034
V81,20,0.0034
V153,19,0.0032
V154,19,0.0032
V247,19,0.0032
V250,19,0.0032
V251,19,0.0032
V327,19,0.0032
V40,18,0.003
V55,18,0.003
id_18,18,0.003
V184,17,0.0029
V195,17,0.0029
V223,17,0.0029
V302,17,0.0029
V304,17,0.0029
V59,17,0.0029
V60,17,0.0029
V104,16,0.0027
V17,16,0.0027
V18,16,0.0027
V328,16,0.0027
V39,16,0.0027
V16,15,0.0025
V175,15,0.0025
V197,15,0.0025
V20,15,0.0025
V32,15,0.0025
id_04,15,0.0025
V123,14,0.0024
V124,14,0.0024
V125,14,0.0024
V23,14,0.0024
V24,14,0.0024
V301,14,0.0024
V26,13,0.0022
V284,13,0.0022
V289,13,0.0022
V297,13,0.0022
V325,13,0.0022
V34,13,0.0022
V98,13,0.0022
V300,12,0.002
id_24,12,0.002
V288,11,0.0019
V58,11,0.0019
V62,11,0.0019
V72,11,0.0019
V111,10,0.0017
V112,10,0.0017
V113,10,0.0017
V142,10,0.0017
V3,10,0.0017
V6,10,0.0017
V7,10,0.0017
V174,9,0.0015
V2,9,0.0015
V22,9,0.0015
V260,9,0.0015
V286,9,0.0015
V42,9,0.0015
V43,9,0.0015
V47,9,0.0015
V52,9,0.0015
V67,9,0.0015
V74,9,0.0015
V8,9,0.0015
V9,9,0.0015
V108,8,0.0014
V109,8,0.0014
V110,8,0.0014
V15,8,0.0014
V173,8,0.0014
V19,8,0.0014
V194,8,0.0014
V30,8,0.0014
V31,8,0.0014
V63,8,0.0014
V64,8,0.0014
V66,8,0.0014
V73,8,0.0014
V79,8,0.0014
V82,8,0.0014
V83,8,0.0014
V84,8,0.0014
V85,8,0.0014
V92,8,0.0014
V93,8,0.0014
V114,7,0.0012
V115,7,0.0012
V116,7,0.0012
V13,7,0.0012
V25,7,0.0012
V33,7,0.0012
V4,7,0.0012
V46,7,0.0012
V5,7,0.0012
V51,7,0.0012
V54,7,0.0012
V57,7,0.0012
V61,7,0.0012
V70,7,0.0012
V71,7,0.0012
V76,7,0.0012
V91,7,0.0012
V11,6,0.001
V141,6,0.001
V21,6,0.001
V240,6,0.001
V29,6,0.001
V36,6,0.001
V48,6,0.001
V49,6,0.001
V50,6,0.001
V53,6,0.001
V69,6,0.001
V90,6,0.001
ProductCD,5,0.0008
V10,5,0.0008
V241,5,0.0008
V75,5,0.0008
V117,4,0.0007
V118,4,0.0007
V119,4,0.0007
V12,4,0.0007
V120,4,0.0007
V121,4,0.0007
V122,4,0.0007
V27,4,0.0007
V28,4,0.0007
V35,4,0.0007
card4,4,0.0007
card6,4,0.0007
id_32,4,0.0007
id_34,4,0.0007
M4,3,0.0005
V68,3,0.0005
V89,3,0.0005
V94,3,0.0005
id_15,3,0.0005
id_23,3,0.0005
DeviceType,2,0.0003
M1,2,0.0003
M2,2,0.0003
M3,2,0.0003
M5,2,0.0003
M6,2,0.0003
M7,2,0.0003
M8,2,0.0003
M9,2,0.0003
V1,2,0.0003
V107,2,0.0003
V14,2,0.0003
V305,2,0.0003
V41,2,0.0003
V65,2,0.0003
V88,2,0.0003
id_12,2,0.0003
id_16,2,0.0003
id_27,2,0.0003
id_28,2,0.0003
id_29,2,0.0003
id_35,2,0.0003
id_36,2,0.0003
id_37,2,0.0003
id_38,2,0.0003
isFraud,2,0.0003
